depth,width,activation,batchnorm,dropout,optimizer,learning_rate,batch_size,test_mse_std,test_mae_std,test_rmse_orig,test_mae_orig
1,128,relu,False,0.1,adam,0.009248357992775449,128,0.04784136638045311,0.17764300107955933,0.2326999142048583,0.18899161542033036
3,32,gelu,True,0.1,rmsprop,0.007025191608143858,64,0.05235704407095909,0.1863316297531128,0.24343442612106062,0.1982353118160406
6,128,elu,True,0.0,adam,0.0017329234819236073,256,0.059295594692230225,0.195965975522995,0.2590631549909779,0.20848514186565
4,128,gelu,True,0.4,adam,0.002769144926910496,256,0.07048778980970383,0.20176003873348236,0.28245637576162896,0.2146493552562304
3,32,tanh,True,0.0,rmsprop,0.00376251926150146,64,0.09091154485940933,0.2224842607975006,0.32077754154887156,0.2366975315559222
